name_model;seed;1;100;200;300;400;500;600;700;800;900;1000;sum_rewards;mean_rewards
pid;15;-0.7228548830855637;-0.26967669912793507;-0.04720385664884846;-0.04944737662542172;-0.040112928119953345;-0.02301655405508304;-0.016029344927010414;-0.03485811473199573;-0.023826741675005522;-0.007559381707789444;-0.00823460856195953;-86.93415956194379;-0.08693415956194378
